Issue ID,Summary,Issue Type,Epic Link,Description,Story Points,Assignee,Sprint,Status,Labels
US-01,As a visitor I can register as a buyer or seller so that I can transact,Story,Accounts,Requirement: FR-01. Acceptance: TC-A-01 passes; duplicate e-mail 409; weak password 400.,3,Chenchu Sreekrishna Koushik,OB Sprint 1,Code ready - review,FR-01
US-02,As a new user I verify my e-mail with a six-digit OTP,Story,Accounts,Requirement: FR-02. Acceptance: TC-A-02 passes; 3 wrong attempts lock; 3 resends/hour.,3,Chenchu Sreekrishna Koushik,OB Sprint 1,Code ready - review,FR-02
US-03,As a user I sign in and out; my session refreshes silently,Story,Accounts,Requirement: FR-03. Acceptance: TC-A-03 passes; refresh rotation and reuse detection.,5,Chenchu Sreekrishna Koushik,OB Sprint 1,Code ready - review,FR-03
US-04,As a user I can reset a forgotten password,Story,Accounts,Requirement: FR-04. Acceptance: TC-A-04 passes; all sessions revoked.,3,Chenchu Sreekrishna Koushik,OB Sprint 1,Code ready - review,FR-04
US-05,As a buyer I manage my profile and delivery addresses,Story,Accounts,Requirement: FR-05. Acceptance: TC-A-05 passes; profile and address pages built.,3,Chenchu Sreekrishna Koushik,OB Sprint 1,API ready; UI to do,FR-05
US-06,As the platform I refuse calls from roles not allowed on a route,Story,Accounts,Requirement: FR-06. Acceptance: TC-A-06 passes; refusals audited.,2,Chenchu Sreekrishna Koushik,OB Sprint 1,Code ready - review,FR-06
US-07,As a visitor I browse the catalogue 20 titles per page,Story,Catalogue,Requirement: FR-07. Acceptance: TC-C-01 passes.,3,Deeptha S,OB Sprint 1,Code ready - review,FR-07
US-08,"As a visitor I search by title, author, ISBN or publisher",Story,Catalogue,Requirement: FR-08. Acceptance: TC-C-02 passes on MongoDB 7 in CI; explain() shows TEXT.,5,Deeptha S,OB Sprint 1,Code ready - verify in CI,FR-08
US-09,As a visitor I filter and sort results,Story,Catalogue,Requirement: FR-09. Acceptance: TC-C-03 passes on MongoDB 7 in CI.,5,Deeptha S,OB Sprint 1,Code ready - verify in CI,FR-09
US-10,As a buyer I compare every seller offer for a title,Story,Catalogue,Requirement: FR-10. Acceptance: TC-C-04 passes.,3,Deeptha S,OB Sprint 1,Code ready - review,FR-10
US-12,As a buyer I see up to six related titles,Story,Catalogue,Requirement: FR-12. Acceptance: TC-C-06 passes.,2,Deeptha S,OB Sprint 1,Code ready - review,FR-12
T-01,"Seed script: 12 accounts, 60 categories, 2,500 titles, 10,000 listings",Task,Platform,Requirement: NFR-01. Acceptance: npm run seed completes on Atlas M0.,2,Deeptha S,OB Sprint 1,Done,NFR-01
T-02,"CI pipeline: lint, tests, coverage gate, npm audit, gitleaks; branch protection on main",Task,Platform,Requirement: NFR-06. Acceptance: TC-N-06: failing lint or coverage blocks merge.,3,Hardhick M Gowda,OB Sprint 1,Code ready - enable on GitHub,NFR-06
T-03,"Staging deployment (API container, static client, Atlas, Redis) and uptime monitor on /health",Task,Platform,Requirement: NFR-02. Acceptance: Staging URL live; monitor polling every 5 min.,3,Hardhick M Gowda,OB Sprint 1,To do,NFR-02
US-19,As a seller I create a listing from an ISBN with auto-filled details,Story,Seller,Requirement: FR-19. Acceptance: TC-S-01 passes; book stats refreshed on save.,5,Hardhick M Gowda,OB Sprint 1,In progress (ISBN lookup done),FR-19
US-13,As a buyer my cart persists across sessions and devices,Story,Orders,Requirement: FR-13. Acceptance: TC-O-01 passes; OWN_LISTING enforced (BR-02).,5,G H Pramod,OB Sprint 1,To do,FR-13
US-14,As a buyer I save listings to a wishlist and move them to cart,Story,Orders,Requirement: FR-14. Acceptance: TC-O-02 passes.,3,G H Pramod,OB Sprint 1,To do,FR-14
T-04,"Payment Gateway Adapter with sandbox keys, stub and signed webhook fixtures",Task,Orders,Requirement: FR-16. Acceptance: Adapter unit tests pass with stub.,3,G H Pramod,OB Sprint 1,To do,FR-16
US-11,As a buyer I review a title I received,Story,Catalogue,Requirement: FR-11. Acceptance: TC-C-05.,3,Deeptha S,OB Sprint 2,Backlog,FR-11
US-15,"As a buyer I check out with address, coupon and shipping rule",Story,Orders,Requirement: FR-15. Acceptance: TC-O-03.,5,G H Pramod,OB Sprint 2,Backlog,FR-15
US-16,As a buyer I pay through the gateway; order confirms on verified webhook,Story,Orders,"Requirement: FR-16. Acceptance: TC-O-04, TC-N-05, TC-SEC-07.",8,G H Pramod,OB Sprint 2,Backlog,FR-16
US-20,As a seller I update stock and price; low-stock alerts,Story,Seller,Requirement: FR-20. Acceptance: TC-S-02.,3,Hardhick M Gowda,OB Sprint 2,Backlog,FR-20
T-05,"Notification retry worker (3 attempts, backoff)",Task,Platform,Requirement: FR-02. Acceptance: FAILED rows retried then marked FAILED.,2,Chenchu Sreekrishna Koushik,OB Sprint 2,Backlog,FR-02
T-06,"k6 load test at 200 users / 10,000 listings",Task,Quality,Requirement: NFR-01. Acceptance: TC-N-01 p95 < 2 s.,3,Deeptha S,OB Sprint 2,Backlog,NFR-01
T-07,"Automated security tests TC-SEC-01, 04, 05, 07, 09 in API suite",Task,Security,Requirement: SR-01..SR-10. Acceptance: All pass in CI.,3,Chenchu Sreekrishna Koushik,OB Sprint 2,Backlog,SR-01..SR-10
US-17,As a buyer I download and receive a PDF invoice,Story,Orders,Requirement: FR-17. Acceptance: TC-O-05.,3,G H Pramod,OB Sprint 3,Backlog,FR-17
US-18,"As a buyer I track, cancel or return an order",Story,Orders,Requirement: FR-18. Acceptance: TC-O-06.,5,G H Pramod,OB Sprint 3,Backlog,FR-18
US-21,As a seller I fulfil an order through dispatch,Story,Seller,Requirement: FR-21. Acceptance: TC-S-03.,5,Hardhick M Gowda,OB Sprint 3,Backlog,FR-21
US-22,As a seller I see sales and settlement for a date range,Story,Seller,Requirement: FR-22. Acceptance: TC-S-04.,3,Hardhick M Gowda,OB Sprint 3,Backlog,FR-22
US-23,"As an admin I moderate listings, users and reviews",Story,Admin,"Requirement: FR-23. Acceptance: TC-S-05, TC-N-08.",5,Hardhick M Gowda,OB Sprint 3,Backlog,FR-23
US-24,As an admin I view and export monthly analytics,Story,Admin,Requirement: FR-24. Acceptance: TC-S-06.,3,Hardhick M Gowda,OB Sprint 3,Backlog,FR-24
T-08,Accessibility and 360 px pass; cross-browser Playwright suite,Task,Quality,"Requirement: NFR-04, NFR-07. Acceptance: TC-N-04, TC-N-07.",3,Deeptha S,OB Sprint 3,Backlog,NFR-04 NFR-07
T-09,"ZAP, testssl, gitleaks, npm audit; OWASP Top 10 checklist",Task,Security,"Requirement: SR-02, SR-03, SR-06, SR-10..12. Acceptance: TC-SEC-02, 03, 06, 10.",3,Chenchu Sreekrishna Koushik,OB Sprint 4,Backlog,SR-02 SR-03 SR-06 SR-10..12
T-10,"Full regression, system tests STC-01 to STC-16, test summary report",Task,Quality,Requirement: All. Acceptance: Release exit criteria met.,3,Deeptha S,OB Sprint 4,Backlog,All
